name_comment,content_comment
Mai Mai,"Tráº¡i dÆ°á»¡ng lÃ£o á»Ÿ Viá»‡t Nam! ko nháº­n ngÆ°á»i bá»‡nh nan y, ko nháº­n ngÆ°á»i náº±m liá»‡t giÆ°á»ng. Ko nháº­n ngÆ°á»i giÃ  bá»‹ tháº§n kinh. Ko pháº£i cá»© cÃ³ tiá»n lÃ  vÃ o Ä‘c nhÃ  dÆ°á»¡ng lÃ£o. Cuá»™c sá»‘ng kÃ©o dÃ i quÃ¡ cÅ©ng tháº­t Ä‘Ã¡ng sá»£. VÃ¬ váº­y tÃ´i á»§ng há»™ Quyá»n Ä‘Æ°á»£c cháº¿t."
Linh LinhDiep,"Viá»‡n dÆ°á»¡ng lÃ£o dÆ°á»¡ng sinh vá»›i tuá»•i trÃªn 65 lÃ  ráº¥t cáº§n thiáº¿t cho má»i gia Ä‘Ã¬nh. vÃ¬ khÃ´ng thá»ƒ á»Ÿ chung vá»›i con cÃ¡i suá»‘t vÃ  lo cho con chÃ¡u mÃ£i Ä‘áº¿n khi nháº¯m máº¯t cÅ©ng chÆ°a Ä‘Æ°á»£c hÆ°á»Ÿng chá»n niá»m vui vÃ  sá»Ÿ thÃ­ch. Hiá»‡n ngÆ°á»i giÃ  cÃ²n nhiá»u Ä‘am mÃª vÃ  muá»‘n yÃªn vui vá»›i chÃ­nh mÃ¬nh.VN mÃ¬nh hÃ£y lÃ m nÃªn nhá»¯ng viá»‡n dÆ°á»¡ng lÃ£o táº§m cá»¡ nhÆ° TQ hay ngang hÃ ng vá»›i Ä‘áº¥t nÆ°á»›c phÃ¡t triá»ƒn ÄN Ã, nhiá»u sá»± lá»±a chá»n cho tá»«ng ngÆ°á»i vÃ  phÃ¹ há»£p nháº¥t. Sáº½ lÃ  má»™t ngÃ nh Kinh Doanh lÃ¢u dÃ i vÃ  Ä‘áº§y tiá»m nÄƒng.ï¸ï¸"
Huong Le,"Toi lÃ  U 70. Song o nÆ°á»›c ngoÃ i gáº§n 50 nÄƒm qua. Toi lá»±a chá»n vÃ  Ä‘ang tÃ¬m kiáº¿m xem viÃªn dÆ°á»¡ng lÃ£o nÃ o lÃ  há»£p vá»›i hoÃ n cáº£nh cá»§a tÃ´i vÃ o 10 nÄƒm tá»›i. TÃ´i vá» hÆ°u sau 35 nÄƒm cá»‘ng hien tuá»•i tráº» cá»§a tÃ´i vÃ o viá»‡c lÃ m mÃ  toi yÃªu thÃ­ch nháº¥t. Tá»« Khi toi vá» hÆ°u Ä‘áº¿n nay toi váº«n sá»‘ng o cÄƒn nhÃ  cá»§a minh vÃ  khÃ´ng há» cÃ³ Ã½ Ä‘á»‹nh Ä‘á»n vÃ o o chung vá»›i con, máº·c dáº§u chÃºng cÃ³ ngá» lá»i. TÃ´i nghÄ© ráº±ng nhá»¯ng ngÆ°á»i giÃ  nhÆ° chung ta cá»‘ gáº¯ng Ä‘á»ƒ Ä‘á»«ng lÃ m gÃ¡nh náº·ng vÃ  cáº£n trá»Ÿ tÆ°Æ¡ng lai cÃ¡c con. CÃ¡c con thá»i Ä‘áº¡i nay khÃ¡ báº­n rá»™n vi tháº¿ Ä‘Ã´i khi trá»Ÿ thÃ nh vÃ´ tÃ¢m vá»›i cha máº¹ giÃ . NgÆ°á»i giÃ  thi tÃ¢m há»“n nháº­y cáº£m , sá»©c khá»e thi yáº¿u á»›t , tÃ¢m ly khÃ´ng Ã´n Ä‘á»‹nh, náº¿u sá»‘ng chung vá»›i con cÃ¡i , chÃºng ta sáº½ trá»Ÿ nÃªn u uáº¥t vÃ  buá»“n tá»§i nhiá»u mÃ¢u thuáº«n hÆ¡n. Tá»‘t nháº¥t lÃ  vÃ o viá»‡n dÆ°á»¡ng lÃ£o, nÃ³i chÃºng ta cÃ³ thá»ƒ gáº·p nhiá»u ngÆ°á»i cÃ¹ng cáº£nh ngá»™ , chung ta sáº½ cÃ³ ngÆ°á»i Ä‘á»ƒ báº§u báº¡n vÃ  Ä‘á»Ÿ buá»“n hÆ¡n."
Báº±ng ThÃ¡i,"Tháº¿ nÃªn nhá»¯ng ngÆ°á»i giÃ  ,( cÃ²n Ä‘á»§ sá»©c chÆ°a xá»¥m)   thÃ¬ pháº£i tá»± nghÄ© cho mÃ¬nh lÃ  sáºµn sÃ ng cuá»™c sá»‘ng má»™t mÃ¬nh,con chÃ¡u nhá»› thÃ¬ Ä‘áº¿n chÆ¡i thÄƒm há»i ,cÃ²n khÃ´ng thÃ¬ cá»© cu ky má»™t mÃ¬nh an pháº­n ,tÃ¬m vui nÆ¡i báº¡n bÃ¨ ,ti vi â€¦"
Minh Tuan Luong,"Cáº£m Æ¡n tÃ¡c giáº£ má»›i 35 tuá»•i mÃ  cÃ³ táº¥m lÃ²ng hiáº¿u tháº£o vÃ  cÃ³ tÃ¢m Ä‘á»©c ,nhÆ°ng buá»“n thay lá»›p tráº» bÃ¢y giá» chá»‰ sá»‘ng cho mÃ¬nh thÃ´i khÃ´ng nghÄ© xa Ä‘Æ°á»£c Ä‘Ã¢u"
Ngá»c HÆ°ng ThÃ¢n,"Nhá»¯ng ngÆ°á»i vÃ´ phÃºc trong má»™t gia Ä‘Ã¬nh khÃ´ng biáº¿t giÃ¡o dá»¥c con chÃ¡u thÃ¬ vá» giÃ  má»›i pháº£i vÃ o tráº¡i dÆ°á»¡ng lÃ£o
CÃ²n nhá»¯ng gia Ä‘Ã¬nh cÃ³ ná» náº¿p gia phong thuáº§n Viá»‡t thÃ¬ con chÃ¡u tháº£o hiá»n, sá»‘ng chan hÃ²a Ä‘áº§m áº¥m"
Nam MÃ´ A Di ÄÃ  Pháº­t," BÃ i thÆ¡: KHI CON CÃI...
*
Khi con cÃ¡i gá»i Ä‘iá»‡n
LÃ  lÃºc nÃ³ háº¿t tiá»n"
Kim Chi Vo,Nghe báº¡n nÃ³i mÃ¬nh tháº­t sá»± muá»‘n rÆ¡i nÆ°á»›c máº¯t
Äáº·ng Nguyá»…n thá»‹,"TÃ´i cÅ©ng báº¯t Ä‘áº§u tháº¥y lo sá»£ khi mÃ  sáº¯p pháº£i nhá» Ä‘áº¿n con chÃ¡u, náº¿u Ä‘c vÃ o tráº¡i dÆ°á»¡ng lÃ£o thÃ¬ cÃ²n háº¡nh phÃºc hÆ¡n ngÆ°á»i, thÃ´i ko pháº£i phiá»n con chÃ¡u lÃ  tá»‘t nháº¥t,sau nÃ y tá»›i lÆ°á»£t chÃºng nÃ³ cÅ©ng váº­y thÃ´i. DÃ¹ sao tÃ´i cÅ©ng ráº¥t cáº£m phá»¥c trÃªn Ä‘á»i nÃ y cÃ³ nhá»¯ng Ä‘á»©a con nghÃ¨o thÃ´i mÃ  vÃ´ cÃ¹ng hiáº¿u tháº£o, nhá»¯ng ngÆ°á»i cha ngÆ°á»i máº¹ áº¥y cÃ³ nháº¯m máº¯t cÅ©ng háº¡nh phÃºc vÃ´ cÃ¹ng"
Khang Nguyen,"""Cha máº¹ nuÃ´i con biá»ƒn trá»i lai lÃ¡ng
Con nuÃ´i cha máº¹ tÃ­nh thÃ¡ng,ká»ƒ ngÃ y """
Dieu Tang,MÃ¬nh Ä‘ang lÃ m cv chÄƒm sÃ³c NgÆ°á»i giÃ . MÃ¬nh luÃ´n xem há» nhÆ° cha máº¹. Con cÃ¡i há» cáº£ nÄƒm  cÅ©ng khÃ´ng vá» thÄƒm Ä‘Æ°á»£c vÃ¬ quÃ¡ báº­n rá»™n vÃ  pháº£i chÄƒm con.  LÃºc á»Ÿ VN MÃ¬nh lÃ m thiá»‡n nguyá»‡n cÃ²n qua Má»¹ Ä‘Æ°á»£c chÃ­nh phá»§ tráº£ lÆ°Æ¡ng . MÃ¬nh thÃ­ch cv nÃ y.
The Anh Nguyen,"Äá»‘i xá»­ vá»›i ngÆ°á»i sinh thÃ nh ra mÃ¬nh khÃ´ng ra gÃ¬ thÃ¬ cháº¯c cháº¯n lÃ  nhÃ¢n cÃ¡ch con ngÆ°á»i Ä‘Ã³ cháº³ng ra gÃ¬.
  áº¤y váº­y mÃ  ráº¥t ráº¥t ráº¥t ráº¥t nhiá»u nhá»¯ng Ä‘á»©a con khi Ä‘á»§ lÃ´ng Ä‘á»§ cÃ¡nh rá»“i thÃ¬ cÃºt máº¥t Ä‘á»ƒ tÃ¬m háº¡nh phÃºc cho báº£n thÃ¢n. 
   á» viá»‡n dÆ°á»¡ng lÃ£o thÃ¬ cÃ¡c cá»¥ pháº£i dáº±n váº·t trong sá»± cÃ´ Ä‘Æ¡n trong nhá»¯ng Ä‘Ãªm dÃ i khÃ³ ngá»§.Xung quanh lÃ  nhá»¯ng ngÆ°á»i xa láº¡ chÄƒm sÃ³c mÃ¬nh bá»Ÿi tÃ¡c Ä‘á»™ng miáº¿ng cÆ¡m manh Ã¡o chá»© Ä‘Ã¢u pháº£i tá»« tÃ¬nh cáº£m"
Khe Vá»¥ van,"Theo tÃ´i tÃ¹y theo tá»«ng hoÃ n cáº£nh áº¡ , láº¿u cá»© giá»¯ chÃ¢n con chÃ¡u chÃºng sáº½ khÃ´ng lÃ m gÃ¬ vÃ  Ä‘i Ä‘Ã¢u Ä‘Æ°á»£c vÃ  háº¿t Ä‘á»i nÃ y Ä‘áº¿n Ä‘á»i khÃ¡c nghÃ¨o Ä‘Ã³i láº¡c háº­u áº¡"
Nam MÃ´ A Di ÄÃ  Pháº­t,"KHI CHA Máº¸...

Cha máº¹ ngu khá»...
Há» váº«n lÃ  ngÆ°á»i tháº§y Ä‘áº§u tiÃªn!."
Tho Nguyen,"DÆ°á»¡ng lÃ£o lÃ  má»™t nÆ¡i mÃ  mang láº¡i nhiá»u lá»£i Ã­ch nháº¥t á»Ÿ Ä‘Ã³ nhá»¯ng ngÆ°á»i cÃ¹ng tuá»•i há» sáº½ cÃ³ tiáº¿ng nÃ³i chung, ngÆ°á»i chÄƒm sÃ³c do há» Ä‘Æ°á»£c hÆ°á»Ÿng lÆ°Æ¡ng nÃªn há» cÅ©ng xem ngÆ°á»i dÆ°á»¡ng lÃ£o nhÆ° lÃ  má»™t Ã¢n nhÃ¢n gÃºp cho há» cÃ³ thu nháº­p vÃ¬ váº­y cÅ©ng tá»‘t thÃ´i"
Linda Le,"ChÃºng ta nÃªn Ä‘á»•i cÃ¡ch suy nghá»‰, á»Ÿ viá»‡n dÆ°á»¡ng lÃ£o cÃ³ báº¡n bÃ¨ cÃ¹ng tháº¿ há»‡, cháº¥p nháº­n sáº½ sá»‘ng an vui, cÃ¡c cá»¥ Ä‘Ã¡nh cá», Ä‘an Ã¡o, chÆ¡i game, ká»ƒ chuyá»‡n. Cháº¥p nháº­n sáº½ an vui, Ä‘á»«ng mong má»i gÃ¬ á»Ÿ chÃºng nÃ³ má»›i yÃªn vui Ä‘Æ°á»£c"
Yasushi Takasaki,NÆ°á»›c máº¯t cháº£y xuÃ´i...Thá»i Ä‘áº¡i 4.0 = 4 Cháº¥m Háº¿t !
ngá»c hÃ¢n trÆ°Æ¡ng thá»‹,"Nghe cÃ¢u chuyá»‡n ngÆ°á»i máº¹, tÃ´i tháº¥y tháº¥m thÃ­a ná»—i buá»“n áº¥y, tÃ´i cÅ©ng buá»“n cho tÆ°Æ¡ng lai."
th oppo,"NgÆ°á»i giÃ  cÃ³ con chÃ¡u nÃªn pháº£i Ä‘áº¯ng Ä‘o suy nghÄ© nÃªn vÃ o VDL hay á»Ÿ chung vá»›i con chÃ¡u . CÃ²n nhÆ° ngÆ°á»i Ä‘á»™c thÃ¢n thÃ¬ sao , há» chá»‰ cÃ³ má»™t quyá»n lÃ  sá»‘ng gáº§n hÃ ng xÃ³m hoáº·c vÃ o VDL mÃ  thÃ´i . Há» khÃ´ng cÃ³ cÃ²n Ä‘Æ°á»£c cáº£m giÃ¡c bá»‹ ai bá» rÆ¡i cáº£ ."
bang vu,Äá»“ng Ã½ vá»›i nhung chia sáº» cua ban ğŸ‡ºğŸ‡¸ï¸
timmie nguyen,"Tháº¿ gian lÃ  chá»— KHá»”......nÃªn khÃ´ng thá»ƒ hoÃ n háº£o cho nhu cáº§u cá»§a táº¥t cáº£ con ngÆ°á»i.NÃªn hÃ£y biáº¿t cháº¥p nháº­n hoÃ n cáº£nh riÃªng cá»§a mÃ¬nh, vÃ  hÃ£y biáº¿t nÆ°Æ¡ng tá»±a vÃ o niá»m tin tÃ´n giÃ¡o, má»›i tháº­t sá»± tÃ¬m Ä‘Æ°á»£c háº¡nh phÃºc tinh tháº§n mÃ  thÃ´i.!!!!"
bach lien vu thi,"tÃ´i sanh ra má»™t gd nghÃ¨o chÆ°a nghÄ© cha máº¹ lÃºc tá»§i giÃ 
mong bÃ¡o Ä‘Ã¡p 
Váº­y mÃ  trá»i thÆ°Æ¡ng cha máº¹ tÃ´i láº¡i sá»‘ng ngáº¯n vá»›i chÃºng tÃ´i
Nay tÃ´i tu táº¡i gia Ä‘á»ƒ tráº£ hiáº¿u cho cha máº¹ Ã´ng bÃ  tá»• tiÃªn"
Dung Cao,Qua cÃ¢u chuyá»‡n cá»§a bÃ  cá»¥ nhá»¯ Ä‘á» thi vá» Ä‘á»ƒ Ä‘áº¿n lÃºc mÃ¬nh giá» Ä‘á»ƒ Ä‘áº¿n lÃºc mÃ¬nh giÃ  yáº¿u ká»ƒ Ä‘áº¿n lÃºc mÃ¬nh giá» yÃªu Ä‘á»ƒ Ä‘áº¿n lÃºc mÃ¬nh giÃ  yáº¿ung ngÆ°á»i lÃ m cha lÃ m máº¹ chÃºng Ä‘ang sá»‘ng vá»›i con pháº£i háº¿t sá»©c tá»‰nh tÃ¡o náº¿u cha máº¹ cÃ²n sá»©c khá»e kiáº¿m Ä‘Æ°á»£c tiá»n thÃ¬ nÃªn phÃ²ng thÃ¢n Ä‘á»«ng cÃ³ tin tÆ°á»Ÿng vÃ o con cÃ¡i vÃ¬ xÃ£ há»™i ngÃ y nay con ngÆ°á»i sá»‘ng khÃ¡c xÆ°a rá»“i
Nháº¡c sÄ© Tráº§n Thanh Hiá»n,"Video ráº¥t hay vÃ  Ã½ nghÄ©a. Giá»ng ká»ƒ cÅ©ng ráº¥t truyá»n cáº£m . ÄÃºng lÃ  má»—i cÃ¢y má»—i hoa Má»—i nhÃ  má»—i cáº£nh. CÃ³ nhá»¯ng ngÆ°á»i máº¹ cÃ³ con gÃ¡i chÄƒm sÃ³c chu Ä‘Ã¡o nhÆ°ng váº«n khÃ´ng báº±ng lÃ²ng vá»›i con gÃ¡i. Trong khi video nÃ y ngÆ°á»i máº¹ giÃ  cÃ³ con gÃ¡i vÃ  con rá»ƒ quÃ¡ há»—n xÆ°á»£c. "" Ai mÃ  chá»­i máº¹ Ä‘Ã¡nh cha ... Äi xuá»‘ng Ã¢m phá»§ leo ba cáº§u vá»“ng. Ai mÃ  chá»­i Ä‘Ã¡nh máº¹ cha ... cháº¿t xuá»‘ng Ã¢m phá»§ lÃ m nem giÃ£ giÃ²"" ...mong ráº±ng nhá»¯ng ngÆ°á»i con xem Ä‘Æ°á»£c video nÃ y hÃ£y rÃºt ra bÃ i há»c chá»¯ hiáº¿u cho chÃ­nh mÃ¬nh vÃ  nhá»¯ng ngÆ°á»i giÃ  hay báº¥t ká»³ ai cÅ©ng cÃ³ bÃ i há»c vá» sá»± tÃ­ch lÅ©y cho báº£n thÃ¢n .... A di ÄÃ  Pháº­t... Viá»‡n dÆ°á»¡ng lÃ£o hay nhÃ  á»Ÿ cÅ©ng khÃ´ng quan trá»ng . Äiá»u quan trá»ng lÃ  con ngÆ°á»i sá»‘ng vá»›i nhau báº±ng tÃ¬nh yÃªu thÆ°Æ¡ng . VÃ  cÅ©ng lÃ  má»™t bÃ i há»c Ä‘Ã¡ng suy ngáº«m. Táº·ng like video ngÃ n like"
Taffi,"há» cÃ³ báº±ng cáº¥p kinh nghiá»‡m Ä‘Ã o táº¡o chÄƒm sÃ³c ngÆ°á»i giÃ  gÃ¬ Ä‘Ã¢u mÃ  cá»© muá»‘n Ä‘á»ƒ con cÃ¡i chÄƒm sÃ³c,tÃ¬nh cáº£m máº¥y cÅ©ng váº«n chá»‰ lÃ  con ngÆ°á»i khÃ´ng hoÃ n toÃ n,nÃ³i chi khÃ´ng Ä‘Æ°á»£c Ä‘Ã o táº¡o cÃ¡ch thá»©c,tÃ¢m lÃ½,kiáº¿n thá»©c Ä‘á»§ Ä‘á»ƒ chÄƒm sÃ³c ...cha máº¹ nÃ o chá»‰ thÃ­ch dá»±a dáº«m con cÃ¡i thÃ¬ cÅ©ng chá»‰ lÃ  lá»‘i suy nghÄ© Ã­ch ká»· chá»‰ biáº¿t nghÄ© Ä‘áº¿n mÃ¬nh Ä‘á»ƒ rá»“i thiá»‡t mÃ¬nh-khá»• con ."
BÃ¬nh An Vui Lam,"Con ngÆ°á»i thÃ¨m Ä‘Æ°á»£c thÆ°Æ¡ng yÃªu vÃ  chia sáº» tÃ¬nh thÆ°Æ¡ng cá»§a mÃ¬nh tá»›i ai Ä‘Ã³. Äáº¿n khi con lá»›n khÃ´n thÃ¬ khÃ´ng cÃ²n nÃ³i chuyá»‡n hay tiáº¿p xÃºc Ä‘Æ°á»£c cÃ¡c con nhÆ° khi chÃºng cÃ²n nhá». ÄÃ³ lÃ  sá»± Ä‘au khá»• cá»§a Ä‘a sá»‘ ngÆ°á»i giÃ . 

CÃ²n cÃ³ má»™t ngÆ°á»i Ä‘ang Ã¢m tháº§m chá» Ä‘Ã³n báº¡n , Ä‘Ã³ lÃ  báº£n thÃ¢n cá»§a báº¡n. 

HÃ£y chÄƒm sÃ³c báº£n thÃ¢n mÃ¬nh, dáº¡o mÃ¡t ngoÃ i trá»i , Ä‘á»c sÃ¡ch vá» tÃ¢m linh, nghiÃªn cá»©u cÃ¡ch Äƒn uá»‘ng lÃ nh máº¡nh, thá»ƒ  dá»¥c Ä‘á»ƒ cÃ³ sá»©c khá»e ..... ráº¥t nhiá»u viá»‡c Ä‘á»ƒ  lÃ m trong má»™t ngÃ y. Thiá»n Ä‘á»‹nh trÆ°á»›c khi ngá»§ vÃ  sau khi thá»©c dáº­y. Chao Ã´i!  má»™t ngÃ y lÃ m khÃ´ng háº¿t viá»‡c , cÃ²n thÃ¬ giá» Ä‘Ã¢u Ä‘á»ƒ Ã½ Ä‘áº¿n ngÆ°á»i khÃ¡c. Má»—i ngÃ y  ngáº¯m mÃ¬nh cÆ°á»i khá»e Ä‘áº¹p trong gÆ°Æ¡ng. Tháº­t háº¡nh phÃºc ,  mÃ³n quÃ  Ä‘áº·c biá»‡t tá»± tay lÃ m cho chÃ­nh mÃ¬nh."
Tuyet Patten,"Äá»«ng kÃªu con chÃ¡u lo Cho cha máº¹, hÃ£y vÃ o viá»‡n dÆ°á»¡ng lÃ£o Ä‘á»ƒ thÃ¢n giÃ  Ä‘Æ°á»£c yÃªn vá»›i nhá»¯ng lá»i máº¯ng nhiÃ©c,hÃ nh háº¡ cá»§a giá»›i tráº», trong viá»‡n dÆ°á»¡ng lÃ£o sáº½ cÃ³ nhá»¯ng ngÆ°á»i báº¡n giÃ  cÅ©ng cÃ´ Ä‘Æ¡n giá»‘ng mÃ¬nh"
Ba Tu Tuong,MÃ¬nh Ä‘i lÃ m nuÃ´i con tá»« nhá» ai láº¡i khÃ´ng thÆ°Æ¡ng con hy sinh cho con nhÆ°ng mÃ¬nh cÅ©ng pháº£i thÆ°Æ¡ng báº£n thÃ¢n vá» giÃ  cá»§a mÃ¬nh chÃºng nÃ³ khÃ´ng lo cho mÃ¬nh Ä‘Æ°á»£c khi vá» giÃ  thÃ¬ mÃ¬nh váº«n cÃ³ tiá»n mÃ¬nh sá»‘ng giao háº¿t cho tá»¥i nÃ³ lÃ  mÃ¬nh cháº¿t gÃ¬ buá»“n tá»©c
linda hoang,"Má»™t cÃ¢u há»i, má»™t cÃ¢u tráº£ lá»i Ä‘á»u lÃ  nhá»¯ng Ä‘iá»u Ä‘au lÃ²ng,  rÆ¡i nÆ°á»›c máº¯t. Cháº¿t sá»›m cÃ ng tá»‘t hÆ¡n sá»‘ng giÃ  mÃ  Ä‘au khá»• nhÆ° tháº¿ nÃ y."
Ngoc,Video quÃ¡ Ä‘Ãºng vÃ  quÃ¡ hay 
Bach Tuyet Nguyen,"NÆ°á»›c máº¯t cháº£y xuÃ´i, khÃ´ng cháº£y ngÆ°á»£c mÃ£i mÃ£i lÃ  nhÆ° váº­y"
Tuan Nguyen,
SÆ¡n Nguyá»…n Thá»‹ HÆ°Æ¡ng,"NhÃ  mÃ¬nh thÃ¬ mÃ¬nh  á»Ÿ , cÃ³ tiá»n mÆ°á»›n ngÆ°á»i chÄƒm sÃ³c ."
Huong Nguyen,ï¸ï¸ï¸
ThiÃªn LÃª,"TÃ´i ráº¥t chia sáº» cÅ©ng nhÆ° tÃ¢m tÆ° cÃ¹ng TG! NÃ³i thÃ¬ muÃ´n vÃ n láº¯m váº«n má»—i cÃ¢y má»—i hoa má»—i nhÃ  má»—i cáº£nh biáº¿t nÃ³i sao cho trá»n váº¹n nghÄ©a tÃ¬nh? NhÃ  gÆ°á»¡ng lÃ£o cÅ©ng nhiá»u má»©c giÃ¡ khÃ¡c nhau! Con cÃ¡i vÃ´ trÃ¡ch nhiá»‡m tiá»n cá»§a cÃ³ nghÄ©a gÃ¬ Ä‘Ã¢u thá»i nÃ y cha Máº¹ khÃ´ng tiá»n Ä‘ang khá»e cÅ©ng khá»• nÃ³i chi giÃ  yáº¿u? LÃ m ngÆ°á»i nhÃ¬n xa trÃ´ng rá»™ng máº¥y ai lÃ m Ä‘Æ°á»£c khÃ³ láº¯m sá»‘ng cÃ²n tráº» cÅ©ng cÃ³ nhiá»u tiá»n khi giÃ  rá»“i cÅ©ng pháº£i nhiá»u tiá»n bÃ¢y giá» cha Máº¹ khÃ´ng lÃ m ra tiá»n con cÃ¡i nÃ³ khÃ´ng cÃ³ trá»ng nÃ³i chi ngoÃ i xÃ£ há»™iâ€¦â€¦â€¦â€¦,..!"
Lan Le,"Ko gÃ¬ báº±ng á»Ÿ nhÃ  cá»§a mÃ¬nh , quan Ä‘iá»ƒm cá»§a tÃ´i lÃ  tháº¿ Ä‘áº¥y ."
Báº±ng ThÃ¡i,"CÃ¢u má»™t máº¹ nuÃ´i mÆ°á»i con thá»¥c sá»± nÃ³ cÃ³ tá»« lÃ¢u rá»“i,khÃ´ng pháº£i bÃ¢y giá» má»›i cÃ³ ,nhÆ° váº­y thÃ¬ tá»« xÆ°a Ä‘Ã£ cÃ³ tÃ¬nh tráº¡ng báº¥t hiÃ©u ,cháº³ng qua vÃ¬ xÃ£ há»™i xÆ°a thÃ¬ dÆ° luáº­n lÃ  Ä‘iá»u ngÆ°á»i ta ráº¥t sá»£ ,nÃªn há» nÃ© ,chá»© khÃ´ng pháº£i khÃ´ng cÃ³ hÆ¡n ná»¯a truyá»n thÃ´ng ngÃ y xÆ°a kÃ©m nÃªn cháº¯c  cÃ³ nhiá»u mÃ  ta khÃ´ng biáº¿t"
ngan nguyen,Æ Ì‰ viÃªÌ£n dÆ°Æ¡Ìƒng laÌƒo khÃ´Ì‰ lÄƒÌm
Khanh Vu,VÃ o mÃ  tá»‘t hÆ¡n Ä‘á»«ng dáº¡i gÃ¬ mÃ  khÃ´ng vÃ o. VÃ o mÃ  tháº¥y khÃ´ng báº±ng á»Ÿ nhÃ  thÃ¬ Ä‘á»«ng dáº¡i mÃ  á»Ÿ lÃ m gÃ¬. Trang cuá»‘i cuá»™c Ä‘á»i lÃ  trang khÃ³ nháº¥t. ÄÃ³ lÃ  má»™t Ä‘á»‹nh lÃ½ mÃ  khÃ³ ai thay Ä‘á»•i Ä‘Æ°á»£c.
HÆ°Æ¡ng Mai,TÃ¹y tá»«ng gia Ä‘Ã¬nh mÃ  Ã¡p dá»¥ng bÃ¢y giá» ai cÅ©ng báº­n cáº£ thÃ¬ cháº£ Ä‘Æ°a máº¹ Ä‘áº¿n viá»‡n dÆ°á»¡ng lÃ£o váº¥n Ä‘á» nhiá»u nhÃ  cÃ³ tiá»n khÃ´ng mÃ  Ä‘Æ°a máº¹ Ä‘áº¿n nhÃ  dÆ°á»¡ng lÃ£o khÃ´ng pháº£i Ä‘Æ¡n giáº£n Ä‘Ã£ giÃ  rá»“i cháº¥p nháº­n Ä‘á»«ng so sÃ¡nh máº¥y lÃ  thÆ°Æ¡ng con chÃ¡u cÃ²n á»Ÿ Ä‘á»i nÃ³ lÃ  quy luáº­t muÃ´n Ä‘á»i
HÃ¹ng ÄÃ o Äá»©c,Ko bao giá» háº¡nh phÃºc khi sá»‘ng xa ngÆ°á»i thÃ¢n.
ThÃ nh ÄoÃ n,Cháº³ng Ä‘Ã¢u báº±ng á»Ÿ nhÃ  mÃ¬nh .
phuong nguyen,"MÃ¬nh giÃ  nÃ³ khÃ¡c vá»›i khi Bá»‘ Máº¹ nuÃ´i con tráº» .VÃ¬ ng giÃ  á»‘m Ä‘au , láº©m cáº©m .máº¥t trÃ­ nhá»› ...v..vvv.Nháº¥t láº£ táº¡i cÃ¡c QG kg pháº£i lÃ  VN ráº¥t ráº¥t khÃ³ Ä‘iá»u kiá»‡n cho cÃ¡c con chÃ¡u chÄƒm nom cÃ¡c Cá»¥ ...."
HÃ¹ng Nguyá»…n thanh,"ThÃ  sá»‘ng á»Ÿ viá»‡n dÆ°á»¡ng lÃ£o Ä‘á»¡ tuá»•i há»• báº£n thÃ¢n hÆ¡n lÃ  sá»‘ng cÃ¹ng con chÃ¡u khi chÃºng nÃ³ coi cha máº¹, Ã´ng bÃ  cháº³ng ra gÃ¬ , Ä‘Ãºng lÃ  xÃ£ há»™i thá»i 4.0( tuá»•i giÃ  giá» Ä‘Ã¢y khÃ´ng thÃ­ch nghi vá»›i thá»i Ä‘áº¡i Ä‘Ã nh pháº£i chá»‹u tá»¥t háº­u phÃ­a sau )."
Hue Nhu,"Cuá»™c Ä‘á»i náº§y khÃ´ng cÃ³ gÃ¬ lÃ  Báº¥t cÃ´ng cáº£, ngÆ°á»i Háº¡nh phÃºc, ngÆ°á»i Äau khá»•???? NhÃ¢n quáº£ vá»‘n cÃ´ng bÃ¬nh.."".Ã‚n Ä‘á»n oÃ¡n tráº£ "" ,hiá»ƒu Ä‘Æ°á»£c  lÃ½ NhÃ¢n duyÃªn náº§y ta sáº» sá»‘ng thoáº£i mÃ¡i hÆ¡n,, Trá»“ng cÃ¢y ngá»t thÃ¬ hÆ°á»Ÿng quáº£ ngá»t, khÃ´ng kiáº¿p náº§y thÃ¬ kiáº¿p sau ,chá»› ngá»“i Ä‘Ã³ mÃ  oÃ¡n trÃ¡ch cá»§ng cháº³ng thay Ä‘á»•i Ä‘Æ°á»£c gÃ¬, lÃ m con cÃ¡i khÃ³ chá»‹u theo...Äá»‘t 1 ngá»n Ä‘Ã¨n lÃªn, thay vÃ¬ ngá»“i Ä‘Ã³ mÃ  nguyá»n rá»§a bÃ³ng tá»‘i, mong láº¯m thay.."
Minh SÆ¡n Äá»—,Cha máº¹ chÄƒm con lÃ  bon phan vÃ  trÃ¡ch nhiá»‡m con chÄƒm sÃ³c cha máº¹ kho láº¯m
Mai Äáº·ng Thá»‹ PhÆ°Æ¡ng,Tks all
Mai Goff,"TÃ´i khÃ´ng cÃ³ á»Ÿ vá»›i con Ä‘Ã¢u, 2 tháº¿ há»‡ ráº¥t lÃ  khÃ¡c nhau. Äá»i sá»‘ng quÃ¡ máº¯c má», cáº§n 2 vá»£ chá»“ng pháº£i Ä‘i lÃ m má»›i cÃ³ Ä‘á»§ tiá»n Ä‘á»ƒ sá»‘ng. á» chung vá»›i con cÃ¡i khÃ´ng cÃ³ háº¡nh phÃºc Ä‘Ã¢u, tÃ´i tháº¥y nhiá»u ngÆ°á»i gÃ¢y gá»•, máº¥t tÃ¬nh nghÄ©a. KhÃ´ng pháº£i lÃ  vÃ o viá»‡n dÆ°á»¡ng lÃ£o dá»… Ä‘Ã¢u."
VÄƒn Nguyá»…n Thá»‹,"Náº¿u á»Ÿ cá»§ng con chÃ¡u mÃ  bá»‹ Ä‘á»‘i xá»­ tá»‡ báº¡c nhÆ° bÃ  máº¹ trong cÃ¢u chuyá»‡n thÃ¬ lÃ m sao cÃ³ Ä‘Æ°á»£c cÃ¡i mÃ  chá»§ kÃªnh gá»i lÃ  : << tÃ¬nh yÃªu thÆ°Æ¡ng gia Ä‘Ã¬nh >> ? Váº­y nÃªn lÃºc cÃ²n tráº» hÃ£y cá»‘ gáº¯ng lÃ m viá»‡c chÄƒm chá»‰ , tÃ¢m hÆ°á»›ng tá»›i vÃ  lÃ m nhá»¯ng Ä‘iá»u thiá»‡n lÃ nh , tÃ­ch lÅ©y , dÃ nh dá»¥m Ä‘á»ƒ khi con cÃ¡i trÆ°á»Ÿng thÃ nh,cÃ³ cÃ´ng Äƒn viá»‡c lÃ m á»•n Ä‘á»‹nh , ko pháº£i nhá» cáº­y Ä‘áº¿n mÃ¬nh ná»¯a thÃ¬ tÃ¬m Ä‘áº¿n nhá»¯ng khu an dÆ°á»¡ng dÃ nh cho ngÆ°á»i tu theo giÃ¡o lÃ½ nhÃ  Pháº­t Ä‘á»ƒ tu táº­p BV sá»©c khá»e cho chÃ­nh mÃ¬nh , Äƒn chay vÃ  trau dá»“i lÃ²ng yÃªu thÆ°Æ¡ng , tÃ´n trá»ng sá»± sá»‘ng cá»§a muÃ´n loÃ i váº¡n váº­t Ä‘á»ƒ ko táº¡o thÃªm nghiá»‡p quáº£ báº¥t thiá»‡n, khi trá»Ÿ vá» vá»›i cÃ¡t bá»¥i sáº½ Ä‘Æ°á»£c nháº¹ nhÃ ng , thanh tháº£n . Tiá»n báº¡c Ä‘Ã³ng gÃ³p chá»‰ táº§m 1-2 triá»‡u / thÃ¡ng , khi cháº¿t Ä‘i , náº¿u cÃ²n tiá»n thÃ¬ Ä‘á»ƒ láº¡i háº¿t cho nhá»¯ng ngÆ°á»i Ä‘Ã£ lo cho mÃ¬nh lÃºc cuá»‘i Ä‘á»i  . NhÆ° váº­y lÃ  ko phiá»n Ä‘áº¿n con chÃ¡u mÃ  cÃ²n Ä‘á»ƒ láº¡i phÃºc Ä‘á»©c nhá» cÃ´ng phu tu táº­p cá»§a mÃ¬nh cho con chÃ¡u ."
Ngá»c Nguyá»…n Thá»‹,Cho nÃªn. Nn cáº§n thÃ´ng qua luáº­t quyá»n sá»‘ng cá»§a con ngÆ°á»i
Cao Thá»‹ Má»¹,"TÃ´i ráº¥t á»§ng há»™ quyá»n Ä‘Æ°á»£c cháº¿t, cÃ³ phÆ°Æ¡ng phÃ¡p chÃ­ch má»™t mÅ©i thuá»‘c Ä‘á»ƒ ra Ä‘i má»™t cÃ¡ch nháº¹ nhÃ ng khá»i Ä‘au Ä‘á»›n cÃ¡i thÃ¢n vÃ  khá»i phiá»n hÃ  con chÃ¡u pháº£i khÃ´ng cÃ¡c báº¡n?"
Kim HoÃ ng,Hay quÃ¡
van thanh phan,ÄÃ³ lÃ  quy luáº­t cá»§a muÃ´n Ä‘á»i. Tuá»•i trÃªn báº£y mÆ°Æ¡i mÃ  cÃ²n pháº£i Ä‘Æ°a Ä‘Ã³n chÃ¡u
Trang Ngo Thi Thu,"VÃ¬ há» quÃªn cÃ¢u  cá»§a ngÆ°á»i Viá»‡t ""Tráº» vui nhÃ , giÃ  vui chÃ¹a"" vá» giÃ  thÃ¬ vÃ i chÃ¹a tu, Ä‘á»«ng ham sá»‘ng á»Ÿ nhÃ ."
Thuy Pham,"Ai rÃ´Ì€i cuÌƒng giaÌ€, cuÌƒng laÌ£c hÃ¢Ì£u, Ä‘Æ°Æ¡Ì£c loÌ€ng Ä‘Æ°Ìa naÌ€y mÃ¢Ìt loÌ€ng Ä‘Æ°Ìa kia, giaÌ€ seÌƒ khÃ´Ì‰ viÌ€ khÃ´ng Ä‘Æ°Ìa naÌ€o chÄƒm."
Taffi,"á»Ÿ phÆ°Æ¡ng tÃ¢y mÃ  kiáº¿n thá»©c chÄƒm sÃ³c ngÆ°á»i giÃ  trong trÃ¡i dÆ°á»¡ng lÃ£o mÃ  yáº¿u kÃ©m thÃ¬ bá»‹ chá»§ sa tháº£i (cho nghá»‰ viá»‡c )chá»© Ä‘á»£i Ä‘áº¥y mÃ  dÃ¡m há»—n lÃ¡o .Cháº³ng qua nhá»¯ng chá»§ nhÃ¢n cá»§a cÃ¡c viá»‡n dÆ°á»¡ng lÃ£o á»Ÿ viá»‡t nam khÃ´ng cÃ³ há»c hÃ nh vá» Ä‘áº¡o Ä‘á»©c nghá» nghiá»‡p, nÃªn ngÆ°á»i lÃ m thuÃª cÅ©ng (giá» nÃ o quai áº¥y ) .ThÃ nh thá»­ ngÆ°á»i vÃ o tráº¡i má»›i khá»• thÃ¢n ."
Tá»‹ch LÃª VÄƒn,"Quan chá»©c VN chá»‰ lo thu vÃ©n cÃ¡ nhÃ¢n chá»© khÃ´ng bao giá» nghÄ© Ä‘áº¿n viá»‡c chÄƒm lo cho ngÆ°á»i giÃ  , dÃ¹ há» cÅ©ng cÃ³ tÃ­nh Ä‘áº¿n nhÆ°ng há» láº¡i nghÄ© giÃ  rá»“i , vÃ´ dá»¥ng , cÃ³ lÃ m gÃ¬ lá»£i cho xÃ£ há»™i , lá»£i cho há» Ä‘Ã¢u mÃ  pháº£i quan tÃ¢m nhiá»u tháº¿ . ÄÆ°á»ng lá»‘i Ä‘á» ra lÃ  pháº£i chÄƒm sÃ³c ngÆ°á»i giÃ  neo Ä‘Æ¡n , nhÆ°ng chá»‰ nÃ³i thÃ´i chá»© khÃ´ng cÃ³ hÃ nh Ä‘á»™ng cá»¥ thá»ƒ nÃ o . Tháº¿ Ä‘áº¥y ! VÃ¬ quan láº¡i há» nhiá»u tiá»n rá»“i nÃªn há» khÃ´ng quan tÃ¢m Ä‘áº¿n vá» giÃ  , há» bá» tiá»n ra thuÃª nguÃ²i nghÃ¨o chÄƒm sÃ³c thÃ¬ há» cáº§n gÃ¬ Ä‘Ã¢u !"
BÃ­ch Thá»§y Tráº§n,"tráº» cáº­y cha.giÃ  ko pháº£i chÆ°a cháº¯c mÃ  cháº¯c cháº¯n luÃ´n.cha giÃ  ko cáº­y Ä‘c con..sau nÃ y con nÃ³ cÅ©ng Ä‘á»‘i xá»© vá»›i nÃ³ nhÆ° váº­y  .vÃ²ng Ä‘á»i luáº­t Ä‘á»i nÃ³ váº­y .,cháº¥p nháº­n thÃ´i ..cÃ²n tráº¡i dÆ°á»¡ng lÃ£o cÃ³ tiá»n. nhÆ°ng ko cÃ³ mÃ¡u má»§ vá»›i ng chÄƒm nÃªn chÆ°a cháº¯c Ä‘Ã£ Ä‘c Ä‘á»‘i xá»­ tá»‘t Ä‘Ã¢u ..thÃ´i cá»© nghÄ© cá»© vÃ o viá»‡n dÆ°á»¡ng lÃ£o Ä‘i .cho khá»i phiá»n ..dÃ¹ gÃ¬ cÅ©ng ko nghe nhá»¯ng lá»i khÃ³ nghe khi á»Ÿ chung vá»›i con chÃ¡u"
Hue Tran Thi,Ä‘Æ°a vÃ o dÆ°á»¡ng lÃ£o dÃ¹ cÃ³ Ä‘Ã³ng tiá»n nhÆ°ng kÃ´ kiá»ƒm soÃ¡t Ä‘Æ°á»£c cÅ©ng bá»‹ Ä‘á»‘i xá»­ theo cáº£m tÃ­nh
TrÆ°á»ng Pháº¡m LÃª,"BÃ  tháº­t báº¥t háº¡nh,Ä‘áº» Ä‘Æ°á»£c con gÃ¡i báº¥t hiáº¿u"
Huong Tran,"Má»™t cÃ¢u:"" tá»± thÃ¢n mÃ  váº­n Ä‘á»™ng"" ae mÃ  ko cÃ³ lá»£i cho nÃ³ thÃ¬ miá»…n nha! Kkkkk"
Thao HÃ ,Nhá»¯ng káº» muá»‘n tá»‘ng cha máº¹ vÃ o VDL thÃ¬ há» Ä‘Ã¢u cáº§n cha máº¹ muá»‘n hay ko ? Chá»‰ cáº§n Ä‘Æ°á»£c dáº£nh tay lÃ  chÃºng thÃ­ch rá»“i
Vinh LÃª,bá»‘ máº¹ Ä‘au á»‘m thÃ¬ cháº³ng giÃ¡m mua cho bá»‘ máº¹ má»™t láº¡ng yáº¿n vÃ i triá»‡u nhÆ°ng sáºµn sÃ ng tiáº¿t kiá»‡m mua Cho con miáº¿ng Ä‘áº¥t vÃ i tá»· ráº¥t ráº¥t nhiá»u ngÆ°á»i nhÆ° váº­y cÃ¡c báº¡n Ä‘á»“ng Ã½ khÃ´ng
David Family Cuá»™c sá»‘ng Äá»©c,Con nuÃ´i cha máº¹ tÃ­nh thÃ¡ng tÃ­nh ngÃ y...
Tel Viet,Xin thÆ°a nhÃ  Ä‘Ã i náº¿u cÃ¡c bÃ¡c sinh thÃ nh sá»‘ng quÃ¡ tho con cÃ¡i cÅ©ng giÃ  yÃªu thÃ¬ sao áº¡
Son NguyÃªn,"Rá»“i ai cÅ©ng pháº£i giÃ , báº¡n cÃ³ muá»‘n vÃ o viá»‡n dÆ°á»¡ng lÃ£o khÃ´ng?.Háº§u nhÆ° ai nghe váº­y cÅ©ng tráº¡nh lÃ²ng. NhÆ° váº­y Ä‘Ã£ biáº¿t vÃ o viá»‡n dÆ°á»¡ng lÃ£o ngÆ°á»i giÃ  buá»“n láº¯m. Nháº¥t lÃ  ngÆ°á»i viá»‡t nam ,vá» giÃ  ráº¥t muá»‘n gáº§n ngÆ°á»i thÃ¢n ,con chÃ¡u. Bá»Ÿi ngÆ°á»i giÃ  nhÆ° chuá»‘i chÃ­n cÃ¢y,rá»¥ng lÃºc nÃ o khÃ´ng biáº¿t. NÃªn tÃ¢m lÃ½ lÃ  buá»“n láº¯m""xa con ,xa chÃ¡u rá»“i""...buá»“n láº¯m ,!HÆ¡n ná»¯a ngÆ°á»i giÃ  ráº¥t thÃ­ch tá»± do ,thoáº£i mÃ¡i ..mÃ  cÃ³ nÆ¡i Ä‘Ã¢u tá»± do thoáº£i mÃ¡i nhÆ° nhÃ  cá»§a mÃ¬nh khÃ´ng?. NÃªn nhiá»u ngÆ°á»i chá»n sá»‘ng riÃªng má»™t mÃ¬nh trong ngÃ´i nhÃ  cá»§a mÃ¬nh lÃ  váº­y."
Tri Dang,"Cho dÃ¹ muá»‘n nÃ³i gÃ¬ thÃ¬ nÃ³i,buá»“n rÃ¡ng chá»‹u chá»© á»Ÿ tháº¿ ká»· náº§y thÃ¬ Ä‘Ã³ lÃ ..lá»±a chá»n ...cá»§a Ä‘áº¡i Ä‘a sá»‘ khi ta giÃ ..vÃ¬ con lÃ m Äƒn thÃ nh cÃ´ng,háº¡nh phÃºc trÃ n Ä‘áº§y thÃ¬ hok cÃ³ gÃ¬ Ä‘Ã¡ng nÃ³i cÃ²n ngÆ°á»£c láº¡i thÃ¬....nÃ³i chung khi ta giÃ  ta sá»‘ng vá»›i ngÆ°á»i giÃ ....rá»“i...Ä‘i... má»™t mÃ¬nh..."
thaoline,VÃ¬ váº­y tÃ´i á»§ng há»™ Quyá»n Ä‘Æ°á»£c cháº¿t.
Congduc Thai,Nghe buá»“n quÃ¡
Lan Nguyen,DÃ¹ viá»‡n dÆ°á»¡ng lÃ£o ko báº±ng á»Ÿ nhÃ  vá»›i con chÃ¡u nhÆ°ng cá»¥ nÃ o náº±m lÃ¢u quÃ¡ con cÃ¡i coi cÅ©ng ko ra sao .cÃ³ nhiá»u giÃ¡ Ä‘Ã¬nh con lÃ¡o quÃ¡ bá»‘ máº¹ váº«n cÃ²n khá»e máº¡nh cÃ²n Ä‘i láº¡i Ä‘c mÃ  bá»n chÃºng cÃ²n coi ko ra gÃ¬ .Ä‘áº¿n lÃºc mÃ  náº±m 1 chá»— ko biáº¿t sáº½ ra sao .
Dr SC,Viá»‡n dÆ°á»¡ng lÃ£o chá»‰ dÃ nh cho ngÆ°á»i giÃ u thÃ´i
tuáº¥n nguyá»…n minh,TÃ´i á»§ng há»™ quyá»n Ä‘c cháº¿t 
Chung N,"NÃ³ lÃ  cÃ¡i ná»£ Ä‘á»“ng láº§n. Con mÃ¬nh mÃ¬nh nuÃ´i nÃ³ , nÃ³ nuÃ´i con nÃ³. HÃ£y tá»± lo cho mÃ¬nh Ä‘i. CÃ³ phÃºc thÃ¬ hÆ°á»Ÿng báº¡c phÃºc thÃ¬ chá»‹u."
Tran Tinh,cau chuyen dua cha len nui luc cha ve gia
Phuong Vu,Like
CÆ° Tráº§n VÄƒn,Chá»‰ sá»£ ko tiá»n thÃ´i.
Ly Nguyá»…n,Váº­y nhá»¯ng ngÆ°á»i kg cÃ³ tiá»n thÃ¬ ho cÃ³ vÃ´ Ä‘c viá»‡n dÆ°á»¡ng lÃ£o kg
HÃ¹ng Nguyá»…n,Con tÃ´i khi cáº§n sáº½ mua 39 viÃªn xen ru xen ( má»›i hÆ¡n 60)
Michelle Nguyen,"O vien duong lao buon lam? No giong  Nhu la  â€œ nha tu giam long cho nguoi giaâ€ va o den cuoi doi co don. Hay tim hieu them can than, truoc khi vao vien duong lao? Vi nhieu nguoi gia nghi rang , â€œ vo vien duong lao de co bac si, y ta , thuoc men , co nguoi hau ha rat suong. . Roi sau do , vo mong. Buon va khoc . Rat dang lam."
Huong Tran,Ae cÃ²n sáºµn sÃ ng cho ng ngoÃ i vÃ i 3 chá»¥c tr cÃ²n ae nÃ³ chá»‰ cho 1 ch thÃ´i! BÃ³ muá»‘n hÃ¬nh tÆ°á»£ng hÆ¡n ae.
TrÃ¬ Äá»— VÄƒn,BÃ i viáº¿t ráº¥t chÃ­nh sÃ¡c
Hoa Mai Huá»³nh Thá»‹,á» dÆ°á»¡ng lÃ£o dá»‹ch vá»¥
VN,"Cá»© liÃªn quan Ä‘áº¿n ""quáº£n lÃ½"" lÃ  máº¥t dáº¡y mÃ ."
Vietphuc,"Tuá»•i giÃ  Ä‘ang sá»“ng sá»™c Ä‘áº¿n,nghe clip nÃ y bá»•ng tháº¥y sá»£ hÃ£i,hoang mang ghÃª.."
Thanh Oai Nguyá»…n,ChÄƒm bá»‘ máº¹ mÃ  ká»ƒ lá»ƒ trá»i chu Ä‘áº¥t diá»‡t.
xuan hong tran,MÃ¬nh lÃ  number one 
VÄ©nh ThÃ nh Há»“,"ThÃ nh phá»‘ nÆ¡i tÃ´i ' cho thuÃª nhÃ  'sÃ¢n vÆ°á»n .
á» 1 phÃ²ng nhá» nhÆ° chung cÆ° mi ni Ã­ .
 Láº¥y tiá»n dÆ°á»¡ng giÃ  'thuÃª ngÆ°á»i giÃºp viá»‡c táº¡i gia Ã¡ kÃ¬a !"
KhuÃª Tráº§n,TÃ´i á»§ng há»™ vá» quyá»n Ä‘Æ°á»£c cháº¿t...nÃ³ giáº£i quyáº¿t Ä‘Æ°á»£c nhiá»u váº¥n Ä‘á».....
Tran Tuyet,LÃºc tráº» lÃ m viá»‡c cÃ³ Ä‘Ã³ng thuáº¿ cho nhÃ  nÆ°á»›c Ä‘Ã¢u mÃ  vá» giÃ   Ä‘Ã²i viá»‡n dÆ°á»¡ng lÃ£o nhÃ  nÆ°á»›c lo
Huong Tran,CÃ¡i gÃ¬ cho mÃ  Ä‘c nhiá»u thÃ¬ nÃ³ cho cÃ²n nÃ³ sá»£ máº¥t thÃ¬ miá»…n nha! Kkkkk@ ai cáº§n chá»©?
Cuong Vinh,Láº©m cÃ  láº©m cáº©m !
Lan Hoang,Ã‚m kÃ©m quÃ¡
DÅ©ng Minh,Sao Viá»‡t Nam táº¥t cáº£ má»i thá»© cÃ¡i gÃ¬ cÅ©ng tá»‡ háº¿t váº­y.
Thikimquy Nguyen,"xh hiá»‡n Ä‘áº¡i cháº³ng tháº¥y Ä‘Ã¢u , nhÆ° váº­y lÃ  vh con ngÆ°á»i Ä‘i lui chá»› khÃ´ng pháº£i lÃ  tiáº¿n lÃªn hÄ‘"
Cáº§u Nguyá»…n Há»¯u,DÃ i dÃ²ng vÄƒn tá»±...
hoang tuan binh,"NÃ³i dÃ i, nÃ³i dáº¡i"
dat taicha,CÃ¡c.cá»¥..ta.xÆ°a...cÃ³.khÃ´n.hÆ¡n...ngÃ y.nay..vá»..cÆ°.xá»­..ko...vÄƒn.minh...linh.tinh.
Lan Nguyá»…n,"Thá»i trÆ°á»›c sinh Ä‘Ã´ng con khi giÃ  cÃ³ cÃ¡c con xÃºm vÃ o lo láº¯ng chÄƒm sÃ³c cha máº¹. Nay chá»‰ cÃ³ 1 hoáº·c 2 Ä‘á»©a , Ã¡p lá»±c cÃ´ng viá»‡c cÄƒng láº¡i cÃ²n gia Ä‘Ã¬nh nhá» cá»§a con ná»¯a nÃªn ko Ä‘á»§ tg chÄƒm cha máº¹. Bá»‘ máº¹ thá»i nay cÅ©ng nÃªn thoÃ¡ng Ä‘i."
Linh nguyen,GiÃ  rÃ´i
Lam Nguyá»…n,Loai con nÃ y thÃ  ko cÃ³ cÃ²n hÆ¡n
SdGood Guy,I love America. But most Americans coming over from other countries are very selfish.  Take care yourself first.
Thao HÃ ,Con gÃ¡i lÃ  Káºº THÃ™ Äáº¤Y BÃ€ áº  . CON TÃ”I CÅ¨NG NHÆ¯ CON BÃ€ Äáº¤Y . cay Ä‘áº¯ng láº¯m ...
lai tuong,Vá»› váº©n
HoÃ i NhÃ¢n Nguyá»…n,dÃ i dÃ²ng...láº¡c Ä‘á»..0Ä‘.
Sulezy,"LÃ m con hÃ£y hiá»ƒu cáº£m giÃ¡c cá»§a cha máº¹,Ä‘á»«ng Ä‘á»ƒ Ä‘áº¿n khi hiá»ƒu thÃ¬ Ä‘Ã£ muá»™n..há»‘i háº­n khi cha máº¹ kg cÃ²n. Cáº£m Æ¡n tÃ¡c giáº£ ráº¥t nhiá»u."
Vinh Lang,"Nghe cÃ¢u chuyá»‡n cuá»‘i chÆ°Æ¡ng trÃ¬nh sao mÃ  thÆ°Æ¡ng tÃ¢m quÃ¡ tháº­t hiáº¿m khi cÃ³ ngÆ°á»i con gÃ¡i nÃ o báº¥t hiáº¿u vá»›i máº¹ nhÆ° váº­y.Má»™t ngÆ°á»i máº¹ vÃ´ phÃºc ,trÆ°á»›c sau cÅ©ng gáº·p quáº£ bÃ¡o thÃ´i "
Vi N Ho,"VÃ o viá»‡n dÆ°á»¡ng lÃ£o khÃ´ng vui khÃ´ng háº¡nh phÃºc thÃ¬ sao chá»©!CÅ©ng pháº£i rÃ¡ng chá»‹u thÃ´i anh báº¡n!GiÃ  yáº¿u, khÃ´ng lÃ m gÃ¬ Ä‘Æ°á»£c thÃ¬ báº£o lÃ m gÃ¬ bÃ¢y giá». KhÃ´ng láº½ ngá»“i Ä‘Ã³ tru trÃ©o,than phiá»n trÃ¡ch mÃ³c báº¯t con cÃ¡i pháº£i chÄƒm mÃ¬nh?Cuá»™c sá»‘ng cá»§a tá»¥i nhá» cÅ©ng má»‡t nhá»c vÃ  cá»±c khá»• Ä‘á»§ Ä‘iá»u Ä‘á»ƒ lo cho cÃ¡i gia Ä‘Ã¬nh nhá» cá»§a nÃ³.Tháº¿ nÃªn cha máº¹ lÃºc tráº» hÃ£y tá»± tÃ­nh toÃ¡n lo cho ngÃ y giÃ  cá»§a mÃ¬nh.VÃ o viá»‡n dÆ°á»¡ng lÃ£o CÃ³ buá»“n,khá»•,cÃ´ Ä‘Æ¡n, khÃ´ng háº¡nh phÃºc tuá»•i giÃ  cÅ©ng Ä‘á»«ng cho con chÃ¡u biáº¿t.MÃ¬nh mÃ  than thÃ¢n trÃ¡ch pháº­n chá»‰ lÃ m cho chÃºng ngÃ¡n ngáº©m vÃ  trÃ¡nh xa."
dinh bui kim,"á» Ä‘á»i khÃ´n cháº¿t , dáº¡i cÅ©ng cháº¿t hiá»ƒu biáº¿t vÃ  cÃ³ phÃºc Ä‘á»©c thÃ¬ Ä‘Æ°á»£c sá»‘ng sung sÆ°á»›ng /."
Háº±ng Nguyá»…n,ÄÃ£ tá»«ng cÃ³ y tÆ°á»Ÿng nÃ y.. bá»Ÿi sá»£ con mÃ¬nh pháº£i khÃ´ vÃ¬ mÃ¬nh
Thanh Pháº¡m,VÃ²ng quay cuá»™c Ä‘á»i...rá»“i Ä‘Ã¢u cÅ©ng vÃ o Ä‘Ã³...Ä‘áº» ra thÃ¬ nuÃ´i...
Báº±ng ThÃ¡i,"BÃ¡n bá»›t Ä‘áº¥t tráº£ ná»£ tiá»n lÃ m nhÃ  ,Ä‘uá»•i tháº³ng cá»• hai vá»£ chá»“ng nÃ³ Ä‘i,Ä‘ay Ä‘Ãºng lÃ  gáº§n má»±c thÃ¬ Ä‘en .khÃ´ng dáº¡y Ä‘Æ°á»£c ná»¯a rá»“i.pháº£i cho hai tháº±ng anh nÃ³ biáº¿t!!!"
Ba Le,ÄÃºng rá»“i á»Ÿ viá»‡t nam  hiá»‡n giá» mÃ  nÃ³i giÃ  tÃ´i vÃ´ dÆ°á»Ÿng láº£o lÃ  mÆ¡  Ä‘á»«ng mong  náº¿u ko cÃ³ tháº­t nhiá»u tiá»n vÃ¬ diá»‡n dÆ°á»Ÿng láº£o á»Ÿ vn do tÆ° nhÃ¢n má»Ÿ ra má»¥c Ä‘Ã­ch  kinh doanh nhÆ° khÃ¡ch sáº¡n
nguyen le,"NÆ°á»i VN  vÄƒn hÃ³a nhÆ° nhau chung , lo táº¥t cho con, vá» giÃ  trá»« trÆ°á»ng há»£p bá»‹nh ko lo thÃ¢n Ä‘Æ°á»£c, báº±ng ko tá»± lo, miá»…n nÃ³ phÃ¡t triá»…n lÃ  vui rá»“i, cÃ¡i kiá»ƒu nghÃ¨o Ä‘Ã³i mÃ  cÃ³ hiáº¿u sum váº§y khÃ´ng báº±ng nÃ³ giÃ u cÃ³ vÆ°Æ¡n lÃªn vá»›i ngÆ°á»i ta vÃ  tháº¿ giá»›i, Ä‘á»ƒ lÃ m Ä‘Æ°á»£c nhÆ° tháº¿ nÃ³ ráº¥t giá»i, vÃ  máº¥t thá»i gian cá»§a nÃ³!@, nÃ³i tráº¯ng ra lÃ  ráº¥t CÃ“ hiáº¿u."
Loan Nguyá»…n Thá»‹,CÃ²n gÃ¡i  má»™t dáº¡y mÃ y sáº½ bá»‹ quáº£ bÃ¡o  yÃªn tÃ¢m  Ä‘i
Ringing Bells,"Tháº¿ con cÃ¡i lÃ m viá»‡c á»Ÿ háº£i Ä‘áº£o , káº¿ cáº£ bÃ¡c sá»¹ Ä‘Ãªm Ä‘ang trá»±c cÃ³ ca cáº¥p cá»©u cÃ³ cháº¡y vá» Ä‘á»ƒ cá»©u cha máº¹ Ä‘Æ°á»£c khÃ´ng,, tháº­t vÃ´ vÃ¢n"
Nguyá»…n Danh,"Viá»‡n dÆ°á»¡ng lÃ£o á»Ÿ Ä‘Ã¢u mÃ  vÃ o?  NhÃ  nÆ°á»›c báº­n lo xÃ¢y dá»±ng xÃ£ há»™i chá»§ nghÄ©a cho tÆ°Æ¡ng lai , cÃ²n xÃ£ há»™i hiá»‡n táº¡i pháº£i chá»‹u hy sinh thÃ´i."
Tuyet Nguyen,"RÃºt cuá»™c bÃ i nÃ y muá»‘n nÃ³i gÃ¬ ? á» vá»›i  con thÃ¬ nÃ³ há»—n lÃ¡o ,vÃ o viá»‡n dÆ°á»¡ng lÃ£o thÃ¬ tá»§i thÃ¢n.Váº­y thÃ¬ chá»n cÃ¡i nÃ o lÃ  Ä‘Ãºng ?"
Xuan Mai Le,"Má»—i cÃ¢y má»—i hoa , má»—i nhÃ  má»—i cáº£nh , tui Ä‘Ã£ buá»“n, nghe chuyá»‡n cá»§a cÃ¡c bÃ¡c láº¡i cÃ ng buá»“n thÃªm, thÃ´i thÃ¬ rÃ¡ng chá»‹u Ä‘á»±ng váº­y, sáº½ cÃ³ ngÃ y mÃ¬nh sáº½ Ä‘i Ä‘áº¿n cuá»‘i Ä‘Æ°á»ng thÃ´i !"
Rosy Rain,ÄÃºng nÃªn mua nhÃ  á»Ÿ gáº§n bá»‘ máº¹ Ä‘á»ƒ tiá»‡n chÄƒm non . vÃ  Ä‘iá»u nÃ y cáº§n Ä‘Æ°á»£c lÃªn káº¿ hoáº¡ch tá»« ráº¥t sá»›m
dat phan,TrÆ°á»ng há»£p con gÃ¡i nhÃ  nÃ y giá»‘ng con gÃ¡i nhÃ  hÃ ng xÃ³m  .trÃªn Ä‘á»i nÃ y chuyá»‡n gÃ¬ cÅ©ng cÃ³ thá»ƒ xáº£y ra
TÃ´ ty,ThÆ°Æ¡ng cho máº¹ giÃ  quÃ¡ cÃ³ cÃ´ con gÃ¡i máº¥t náº¿t  cÃ²n ngÃ²ng gÃ¬ ná»¯a Ä‘Ã¢u
TÃ­ch LÃª,Cha máº¹ cáº£ Ä‘á»i vÃ¬ con chÃ¡u váº­y khi giÃ  há» láº¡i cÃ ng muá»‘n gáº§n con chÃ¡u hÆ¡n theo tÃ´i vÃ o tráº¡i dÆ°á»¡ng lÃ£o lÃ  chÃºng nÃ³ Ä‘Æ°a vÃ o tÃ¹ cá»§a tuá»•i giÃ  vÃ  Ä‘á»i cÅ©ng cháº¥m háº¿t tá»« Ä‘Ã³
Toan Phung,"Má»™t máº¹ nuÃ´i Ä‘Æ°á»£c mÆ°á»i con, mÆ°á»i con láº¡i ko nuÃ´i Ä‘Æ°á»£c máº¹ , buá»“n x h con ng ngÃ y cÃ ng máº¥t Ä‘i cÃ¡i tÃ¬nh ko cÃ²n tá»© Ä‘áº¡i Ä‘á»“ng Ä‘Æ°á»ng nhÆ° ngÃ y xÆ°a"
Huong Tran,Ngta cáº§n hÃ¬nh tÆ°á»£ng chá»© ae xÃ³ hÃ¬nh tÆ°á»£ng gÃ¬ Ä‘Ã¢u????? Haha
Hoa Ly,"Ban kla nÃ³i Ã¢n Ä‘á»n oÃ¡n tráº£ sao chá»“ng mÃ¬nh ráº¥t hiáº¿u tháº£o vá»›i cha me thÆ°ong anh em mÃ  sinh con máº¥t day báº¥t hiáº¿u
NhÆ°n bÃ¹ lai em Ãºt thÆ°ong"
